"question_id","question","answer"
"1","What is ADHD?","ADHD is a neurodevelopmental condition involving differences in attention, impulse control, and activity regulation."
"2","What does ADHD stand for?","Attention Deficit Hyperactivity Disorder."
"3","Is ADHD a real medical condition?","Yes, it is recognized by major medical and psychological organizations worldwide."
"4","Is ADHD a mental illness?","It is classified as a neurodevelopmental disorder, not a mental illness in the traditional sense."
"5","When does ADHD begin?","Symptoms typically begin in childhood, often before age 12."
"6","Can ADHD continue into adulthood?","Yes, many people have ADHD throughout their lives."
"7","Is ADHD common?","Yes, it affects millions of children and adults worldwide."
"8","Are there different types of ADHD?","Yes, inattentive type, hyperactive impulsive type, and combined type."
"9","Can ADHD change types over time?","Yes, symptoms often shift with age."
"10","Is ADHD the same as ADD?","ADD is an older term now included under ADHD."
"11","What causes ADHD?","It involves genetics, brain development differences, and neurotransmitter regulation."
"12","Is ADHD genetic?","Yes, it has a strong hereditary component."
"13","Which brain areas are involved in ADHD?","The prefrontal cortex, basal ganglia, and cerebellum are commonly involved."
"14","What neurotransmitters are linked to ADHD?","Dopamine and norepinephrine."
"15","Is ADHD caused by poor parenting?","No, parenting does not cause ADHD."
"16","Does sugar cause ADHD?","No, sugar does not cause ADHD."
"17","Can brain scans diagnose ADHD?","No, diagnosis is based on clinical evaluation."
"18","Is ADHD related to delayed brain development?","Some brain regions may mature more slowly."
"19","Does ADHD affect executive function?","Yes, executive function challenges are central to ADHD."
"20","Is sleep regulation affected in ADHD?","Yes, sleep and circadian rhythm differences are common."
"21","What are inattentive symptoms?","Difficulty focusing, forgetfulness, and disorganization."
"22","What are hyperactive symptoms?","Restlessness, excessive movement, and difficulty staying still."
"23","What are impulsive symptoms?","Interrupting, acting without thinking, and impatience."
"24","Can ADHD include hyperfocus?","Yes, intense focus on interesting tasks is common."
"25","Does ADHD affect emotional regulation?","Yes, emotions can feel intense and hard to manage."
"26","Does ADHD affect time perception?","Yes, many experience time blindness."
"27","Can ADHD cause chronic lateness?","Yes, due to planning and time management challenges."
"28","Does ADHD affect memory?","Working memory is often affected."
"29","Can ADHD cause decision paralysis?","Yes, especially with many choices."
"30","Is boredom physically uncomfortable for people with ADHD?","Often, yes."
"31","How does ADHD show up in children?","Inattention, hyperactivity, impulsivity, and emotional outbursts."
"32","At what age is ADHD diagnosed?","Often between ages 5 and 8."
"33","Do all children with ADHD show hyperactivity?","No, some are primarily inattentive."
"34","Is ADHD overdiagnosed in children?","Both overdiagnosis and underdiagnosis can occur."
"35","Do children outgrow ADHD?","Some symptoms lessen, but many persist."
"36","Does ADHD affect school performance?","Yes, especially without support."
"37","Can gifted children have ADHD?","Yes, giftedness and ADHD can coexist."
"38","Is ADHD more common in boys?","It is diagnosed more often in boys, but girls are underdiagnosed."
"39","How does ADHD affect play in children?","Turn taking and rule following may be difficult."
"40","Can ADHD affect handwriting?","Yes, focus and motor control can interfere."
"41","How does ADHD appear in adults?","Disorganization, forgetfulness, restlessness, and emotional dysregulation."
"42","Why is adult ADHD often missed?","Symptoms may resemble anxiety, depression, or stress."
"43","Can adults be diagnosed with ADHD for the first time?","Yes, many are diagnosed in adulthood."
"44","Does ADHD affect career stability?","It can, especially without accommodations."
"45","Is adult ADHD linked to burnout?","Yes, prolonged effort can lead to burnout."
"46","Can ADHD cause financial difficulties?","Yes, impulsivity and planning challenges can contribute."
"47","Does ADHD affect parenting?","Yes, routines and consistency can be harder."
"48","Can ADHD worsen with stress?","Yes, stress often intensifies symptoms."
"49","Is chronic overwhelm common in ADHD?","Yes."
"50","Can adults with ADHD succeed?","Yes, especially with support and strategies."
"51","How is ADHD diagnosed?","Through clinical interviews, questionnaires, and history."
"52","Who can diagnose ADHD?","Psychiatrists, psychologists, and trained physicians."
"53","Is there a blood test for ADHD?","No."
"54","Do ADHD symptoms need to exist in childhood?","Yes, evidence of childhood symptoms is required."
"55","Must symptoms occur in multiple settings?","Yes, such as home, school, or work."
"56","Can ADHD be misdiagnosed?","Yes, due to overlap with other conditions."
"57","Is self diagnosis valid for ADHD?","Self awareness helps, but professional diagnosis is recommended."
"58","Can anxiety look like ADHD?","Yes, and they can also co occur."
"59","Can trauma mimic ADHD symptoms?","Yes, trauma can produce similar difficulties."
"60","Is ADHD a spectrum?","Yes, severity and presentation vary."
"61","What conditions often co occur with ADHD?","Anxiety, depression, autism, and learning disorders."
"62","Is ADHD linked to autism?","They are distinct but frequently co occur."
"63","Can ADHD and dyslexia coexist?","Yes."
"64","Is ADHD linked to substance use risk?","Yes, especially when untreated."
"65","Does ADHD increase accident risk?","Yes, due to inattention and impulsivity."
"66","Is ADHD associated with sleep disorders?","Yes, including insomnia."
"67","Can ADHD coexist with OCD?","Yes."
"68","Is rejection sensitivity common in ADHD?","Yes."
"69","Does ADHD increase risk of depression?","Yes."
"70","Can ADHD affect self esteem?","Strongly, especially without support."
"71","Are there medications for ADHD?","Yes, stimulant and non stimulant options exist."
"72","How do stimulant medications work?","They increase dopamine and norepinephrine activity."
"73","Are stimulants addictive when prescribed?","Addiction risk is low when properly used."
"74","Do medications cure ADHD?","No, they manage symptoms."
"75","How quickly do stimulants work?","Often within 30 to 60 minutes."
"76","Are non stimulant medications effective?","Yes, for some individuals."
"77","Do ADHD medications work for everyone?","No, responses vary."
"78","Can children take ADHD medication?","Yes, under medical supervision."
"79","Do ADHD medications change personality?","They should not when properly dosed."
"80","Can adults take ADHD medication long term?","Yes, with monitoring."
"81","Is therapy helpful for ADHD?","Yes, especially skills based therapy."
"82","What is ADHD coaching?","Practical support for organization and goal setting."
"83","Can therapy replace medication?","Sometimes, depending on needs."
"84","Is CBT effective for ADHD?","Yes, particularly for adults."
"85","Does therapy help emotional regulation?","Yes."
"86","Are social skills therapies useful?","Often, especially for children."
"87","Can mindfulness help ADHD?","It can improve awareness and regulation."
"88","Is group therapy helpful for ADHD?","Many find it validating."
"89","Do parents benefit from ADHD training?","Yes."
"90","Is therapy lifelong for ADHD?","It can be short term or ongoing."
"91","Does ADHD affect learning style?","Yes, interest and movement often help learning."
"92","Are IEPs available for ADHD?","Yes, in many education systems."
"93","What classroom accommodations help ADHD?","Extra time, breaks, and clear instructions."
"94","Does ADHD affect test performance?","Yes, especially timed tests."
"95","Can students with ADHD succeed academically?","Yes, with support."
"96","Is ADHD linked to procrastination?","Strongly."
"97","Does ADHD affect note taking?","Yes."
"98","Can technology help ADHD students?","Yes, reminders and tools help."
"99","Is homework especially difficult for ADHD?","Often, due to fatigue."
"100","Does ADHD affect reading comprehension?","It can, especially sustained focus."
"101","How does ADHD affect work life?","Organization and deadlines can be challenging."
"102","What jobs suit people with ADHD?","Roles with variety and creativity."
"103","Can ADHD be disclosed at work?","Yes, it is a personal choice."
"104","Are workplace accommodations allowed?","Often, depending on laws."
"105","Does ADHD affect meetings?","Yes, long meetings are difficult."
"106","Can ADHD increase creativity at work?","Yes."
"107","Does ADHD cause task switching issues?","Yes."
"108","Is multitasking harder with ADHD?","Often."
"109","Can body doubling help productivity?","Yes."
"110","Does ADHD cause email overload?","Frequently."
"111","Does ADHD affect friendships?","Yes, forgetfulness and impulsivity can interfere."
"112","Can ADHD affect romantic relationships?","Yes."
"113","Is emotional intensity common in ADHD relationships?","Yes."
"114","Can ADHD cause miscommunication?","Yes."
"115","Is rejection sensitivity socially impactful?","Very much so."
"116","Can couples therapy help ADHD relationships?","Yes."
"117","Does ADHD affect conflict resolution?","Impulsivity can escalate conflict."
"118","Can ADHD lead to people pleasing?","Yes."
"119","Is social exhaustion common in ADHD?","Yes."
"120","Can ADHD increase empathy?","Many report high empathy."
"121","Why is organization hard with ADHD?","Executive function differences make systems harder."
"122","Are routines helpful for ADHD?","Yes, when flexible."
"123","Can visual reminders help ADHD?","Yes."
"124","Is clutter common with ADHD?","Very common."
"125","Do planners work for ADHD?","Only if simple and used consistently."
"126","Is decision fatigue common in ADHD?","Yes."
"127","Can automation help ADHD?","Yes."
"128","Does ADHD affect hygiene routines?","It can."
"129","Can checklists reduce ADHD overwhelm?","Yes."
"130","Is starting tasks harder than finishing with ADHD?","Often."
"131","Does exercise help ADHD symptoms?","Yes."
"132","Does sleep affect ADHD?","Greatly."
"133","Is diet important for ADHD?","Balanced nutrition supports brain function."
"134","Do omega 3 supplements help ADHD?","They may offer mild benefit."
"135","Does caffeine help ADHD?","Sometimes."
"136","Can stress worsen ADHD?","Yes."
"137","Does ADHD increase burnout risk?","Yes."
"138","Is excessive screen time harmful for ADHD?","It can increase dysregulation."
"139","Does ADHD affect appetite?","Yes."
"140","Is interoception affected in ADHD?","Often."
"141","Does ADHD affect self image?","Yes."
"142","Is shame common in ADHD?","Very common."
"143","Can ADHD cause emotional overwhelm?","Yes."
"144","Does ADHD affect motivation?","Motivation is interest based."
"145","Is boredom painful for people with ADHD?","Often."
"146","Can ADHD cause perfectionism?","Yes."
"147","Is masking common in ADHD?","Yes."
"148","Can ADHD affect identity formation?","Yes."
"149","Is grief common after ADHD diagnosis?","Yes."
"150","Can ADHD diagnosis be empowering?","Yes."
"151","Is ADHD underdiagnosed in women?","Yes."
"152","How does ADHD present in women?","More internalized symptoms."
"153","Do hormones affect ADHD symptoms?","Yes."
"154","Does ADHD worsen during PMS?","Often."
"155","Can menopause affect ADHD?","Yes."
"156","Are girls with ADHD less disruptive?","Often."
"157","Is masking more common in women with ADHD?","Yes."
"158","Do women get diagnosed with ADHD later?","Frequently."
"159","Does ADHD affect motherhood uniquely?","Yes."
"160","Can treatment help hormone related ADHD changes?","Yes."
"161","Is ADHD laziness?","No."
"162","Is ADHD a lack of discipline?","No."
"163","Is ADHD caused by phones?","No."
"164","Does ADHD mean low intelligence?","No."
"165","Is ADHD just an excuse?","No."
"166","Is ADHD an overused label?","It is often misunderstood but real."
"167","Can ADHD be cured?","No."
"168","Is ADHD the same for everyone?","No."
"169","Is ADHD only a childhood condition?","No."
"170","Does everyone have a little ADHD?","No."
"171","Can ADHD be a strength?","Yes."
"172","What strengths are common in ADHD?","Creativity, empathy, and problem solving."
"173","Is hyperfocus a strength of ADHD?","Yes."
"174","Do people with ADHD think differently?","Yes."
"175","Can ADHD increase innovation?","Yes."
"176","Is ADHD part of neurodiversity?","Yes."
"177","Can ADHD improve crisis response?","Many thrive in high stimulation situations."
"178","Is curiosity strong in ADHD?","Often."
"179","Does ADHD support big picture thinking?","Yes."
"180","Can ADHD enhance emotional insight?","Many report it does."
"181","What helps ADHD the most?","External structure and compassion."
"182","Are reminders essential for ADHD?","Yes."
"183","Does breaking tasks help ADHD?","Yes."
"184","Is starting the hardest part for ADHD?","Often."
"185","Can timers help ADHD?","Yes."
"186","Does novelty improve ADHD focus?","Yes."
"187","Is movement helpful for ADHD?","Yes."
"188","Can routines reduce ADHD anxiety?","Yes."
"189","Is self compassion important for ADHD?","Crucial."
"190","Can community support help ADHD?","Yes."
"191","Can ADHD be well managed?","Yes."
"192","Does treatment improve quality of life with ADHD?","Yes."
"193","Can people with ADHD thrive?","Absolutely."
"194","Is late ADHD diagnosis still valuable?","Yes."
"195","Does understanding ADHD reduce shame?","Yes."
"196","Can ADHD strengths grow with age?","Often."
"197","Is lifelong learning helpful for ADHD?","Yes."
"198","Can ADHD change how success is defined?","Yes."
"199","Is support more important than willpower for ADHD?","Yes."
"200","Can ADHD be lived with joy?","Yes."
"201","Can ADHD affect driving?","Yes."
"202","Does music help ADHD focus?","Often."
"203","Is silence difficult for people with ADHD?","For many, yes."
"204","Can ADHD affect eating patterns?","Yes."
"205","Does ADHD affect impulse spending?","Often."
"206","Can ADHD improve storytelling ability?","Many excel at it."
"207","Is rest productive for ADHD?","Yes."
"208","Can ADHD affect grief processing?","Yes."
"209","Is self advocacy important for ADHD?","Extremely."
"210","Does ADHD affect habit formation?","Yes."
"211","Can ADHD affect risk taking?","Yes."
"212","Is boredom avoidance a strong ADHD driver?","Yes."
"213","Does ADHD affect follow through?","Often."
"214","Can ADHD affect goal setting?","Yes."
"215","Is ADHD compatible with structure?","Yes, when flexible."
"216","Can ADHD affect confidence?","Yes."
"217","Does humor help people with ADHD?","Often."
"218","Can ADHD affect resilience?","Many develop strong resilience."
"219","Is ADHD understanding still evolving?","Yes."
"220","Is ADHD a valid way of being human?","Yes."